{"ratio":[],"shift":[["appartenir,Livre",0],["appartenir,Categorie",0],["travailler,Auteur",0],["travailler,Editeur",0],["editer,Livre",0],["editer,Editeur",0],["correspondre,Livre",0],["correspondre,Exemplaire",0],["contenir,Commande",0],["contenir,Exemplaire",0],["passer,Client",0],["passer,Commande",0],["rediger,Livre",0],["rediger,Auteur",0]],"colors":[["annotation_color","#066A6A"],["annotation_text_color","#FFFF22"],["association_attribute_text_color","#060100"],["association_cartouche_color","#081a84"],["association_cartouche_text_color","#fefeec"],["association_color","#fefeec"],["association_stroke_color","#060100"],["background_color","#fefeec"],["card_text_color","#060100"],["entity_attribute_text_color","#060100"],["entity_cartouche_color","#c6281b"],["entity_cartouche_text_color","#fefeec"],["entity_color","#fced5f"],["entity_stroke_color","#060100"],["label_text_color","#060100"],["leg_stroke_color","#060100"],["transparent_color","none"]],"cy":[["Categorie",47],["appartenir",47],["Auteur",190],["travailler",190],["Editeur",190],["editer",190],["Livre",190],["correspondre",190],["Exemplaire",190],["contenir",190],["Commande",190],["passer",190],["Client",190],["rediger",320]],"cx":[["Categorie",561],["appartenir",718],["Auteur",51],["travailler",178],["Editeur",319],["editer",440],["Livre",561],["correspondre",718],["Exemplaire",879],["contenir",1016],["Commande",1148],["passer",1291],["Client",1418],["rediger",300]],"size":[1466,333]}